mc	mn	quarterbeats	quarterbeats_all_endings	duration_qb	mc_onset	mn_onset	timesig	staff	voice	duration	nominal_duration	scalar	tied	tpc	midi	name	octave	chord_id
1	1	0	0	1.5	0	0	4/4	1	1	3/8	1/4	3/2		5	71	B4	4	0
1	1	0	0	2.0	0	0	4/4	2	2	1/2	1/2	1		5	71	B4	4	5
1	1	0	0	4.0	0	0	4/4	2	1	1	1	1	1	5	71	B4	4	4
1	1	3/2	3/2	0.5	3/8	3/8	4/4	1	1	1/8	1/8	1		4	64	E4	4	1
1	1	2	2	1.5	1/2	1/2	4/4	1	1	3/8	1/4	3/2		4	64	E4	4	2
1	1	2	2	2.0	1/2	1/2	4/4	2	2	1/2	1/2	1	1	4	64	E4	4	6
1	1	7/2	7/2	0.5	7/8	7/8	4/4	1	1	1/8	1/8	1		4	64	E4	4	3
2	2	4	4	2.0	0	0	4/4	3	1	1/2	1/2	1		5	59	B3	3	17
2	2	4	4	1.5	0	0	4/4	1	1	3/8	1/4	3/2		4	64	E4	4	7
2	2	4	4	1.5	0	0	4/4	2	3	3/8	1/4	3/2		4	64	E4	4	14
2	2	4	4	4.0	0	0	4/4	2	2	1	1	1	0	4	64	E4	4	13
2	2	4	4	2.0	0	0	4/4	2	1	1/2	1/2	1	-1	5	71	B4	4	11
2	2	11/2	11/2	0.5	3/8	3/8	4/4	1	1	1/8	1/8	1		6	66	F#4	4	8
2	2	11/2	11/2	0.5	3/8	3/8	4/4	2	3	1/8	1/8	1		6	66	F#4	4	15
2	2	6	6	2.0	1/2	1/2	4/4	3	1	1/2	1/2	1		4	52	E3	3	18
2	2	6	6	1.5	1/2	1/2	4/4	1	1	3/8	1/4	3/2		1	67	G4	4	9
2	2	6	6	2.0	1/2	1/2	4/4	2	1	1/2	1/2	1	1	1	67	G4	4	12
2	2	6	6	2.0	1/2	1/2	4/4	2	3	1/2	1/2	1		1	67	G4	4	16
2	2	15/2	15/2	0.5	7/8	7/8	4/4	1	1	1/8	1/8	1		1	67	G4	4	10
3	3	8	8	1.5	0	0	4/4	3	1	3/8	1/4	3/2		4	52	E3	3	27
3	3	8	8	2.0	0	0	4/4	3	2	1/2	1/2	1		4	52	E3	3	30
3	3	8	8	2.0	0	0	4/4	2	2	1/2	1/2	1	-1	4	64	E4	4	25
3	3	8	8	1.0	0	0	4/4	1	1	1/4	1/4	1		1	67	G4	4	19
3	3	8	8	2.0	0	0	4/4	2	1	1/2	1/2	1	-1	1	67	G4	4	23
3	3	9	9	1.0	1/4	1/4	4/4	1	1	1/4	1/4	1		1	67	G4	4	20
3	3	19/2	19/2	0.5	3/8	3/8	4/4	3	1	1/8	1/8	1		6	54	F#3	3	28
3	3	10	10	2.0	1/2	1/2	4/4	3	2	1/2	1/2	1		3	45	A2	2	31
3	3	10	10	2.0	1/2	1/2	4/4	3	1	1/2	1/2	1		1	55	G3	3	29
3	3	10	10	2.0	1/2	1/2	4/4	2	2	1/2	1/2	1		4	64	E4	4	26
3	3	10	10	1.5	1/2	1/2	4/4	1	1	3/8	1/4	3/2		0	72	C5	5	21
3	3	10	10	2.0	1/2	1/2	4/4	2	1	1/2	1/2	1		0	72	C5	5	24
3	3	23/2	23/2	0.5	7/8	7/8	4/4	1	1	1/8	1/8	1		0	72	C5	5	22
4	4	12	12	2.0	0	0	4/4	3	2	1/2	1/2	1		5	47	B2	2	42
4	4	12	12	2.0	0	0	4/4	3	1	1/2	1/2	1		6	54	F#3	3	40
4	4	12	12	2.0	0	0	4/4	2	2	1/2	1/2	1		9	63	D#4	4	38
4	4	12	12	1.5	0	0	4/4	1	1	3/8	1/4	3/2		5	71	B4	4	32
4	4	12	12	2.0	0	0	4/4	2	1	1/2	1/2	1		5	71	B4	4	36
4	4	27/2	27/2	0.5	3/8	3/8	4/4	1	1	1/8	1/8	1		5	71	B4	4	33
4	4	14	14	2.0	1/2	1/2	4/4	3	2	1/2	1/2	1	1	4	40	E2	2	43
4	4	14	14	2.0	1/2	1/2	4/4	3	1	1/2	1/2	1	1	4	52	E3	3	41
4	4	14	14	2.0	1/2	1/2	4/4	2	2	1/2	1/2	1		4	64	E4	4	39
4	4	14	14	1.5	1/2	1/2	4/4	1	1	3/8	1/4	3/2		1	67	G4	4	34
4	4	14	14	2.0	1/2	1/2	4/4	2	1	1/2	1/2	1		1	67	G4	4	37
4	4	31/2	31/2	0.5	7/8	7/8	4/4	1	1	1/8	1/8	1		1	67	G4	4	35
5	5	16	16	1.5	0	0	4/4	3	2	3/8	1/4	3/2	-1	4	40	E2	2	49
5	5	16	16	4.0	0	0	4/4	3	1	1	1	1	0	4	52	E3	3	48
5	5	16	16	1.5	0	0	4/4	1	1	3/8	1/4	3/2		5	71	B4	4	44
5	5	35/2	35/2	0.5	3/8	3/8	4/4	3	2	1/8	1/8	1		6	42	F#2	2	50
5	5	35/2	35/2	0.5	3/8	3/8	4/4	1	1	1/8	1/8	1		4	64	E4	4	45
5	5	18	18	2.0	1/2	1/2	4/4	3	2	1/2	1/2	1		1	43	G2	2	51
5	5	18	18	1.5	1/2	1/2	4/4	1	1	3/8	1/4	3/2		4	64	E4	4	46
5	5	39/2	39/2	0.5	7/8	7/8	4/4	1	1	1/8	1/8	1		4	64	E4	4	47
6	6	20	20	2.0	0	0	4/4	3	2	1/2	1/2	1		3	45	A2	2	61
6	6	20	20	1.5	0	0	4/4	3	1	3/8	1/4	3/2	-1	4	52	E3	3	58
6	6	20	20	1.5	0	0	4/4	1	1	3/8	1/4	3/2		4	64	E4	4	52
6	6	43/2	43/2	0.5	3/8	3/8	4/4	3	1	1/8	1/8	1		6	54	F#3	3	59
6	6	43/2	43/2	0.5	3/8	3/8	4/4	1	1	1/8	1/8	1		6	66	F#4	4	53
6	6	22	22	2.0	1/2	1/2	4/4	3	2	1/2	1/2	1		5	47	B2	2	62
6	6	22	22	2.0	1/2	1/2	4/4	3	1	1/2	1/2	1	1	1	55	G3	3	60
6	6	22	22	1.5	1/2	1/2	4/4	1	1	3/8	1/4	3/2		1	67	G4	4	54
6	6	22	22	2.0	1/2	1/2	4/4	2	1	1/2	1/2	1		5	71	B4	4	56
6	6	22	22	2.0	1/2	1/2	4/4	2	2	1/2	1/2	1		5	71	B4	4	57
6	6	47/2	47/2	0.5	7/8	7/8	4/4	1	1	1/8	1/8	1		1	67	G4	4	55
7	7	24	24	2.0	0	0	4/4	3	2	1/2	1/2	1		0	48	C3	3	73
7	7	24	24	2.0	0	0	4/4	3	1	1/2	1/2	1	-1	1	55	G3	3	71
7	7	24	24	1.5	0	0	4/4	1	1	3/8	1/4	3/2		4	64	E4	4	63
7	7	24	24	2.0	0	0	4/4	2	1	1/2	1/2	1		4	64	E4	4	67
7	7	24	24	2.0	0	0	4/4	2	2	1/2	1/2	1		4	64	E4	4	69
7	7	51/2	51/2	0.5	3/8	3/8	4/4	1	1	1/8	1/8	1		4	64	E4	4	64
7	7	26	26	2.0	1/2	1/2	4/4	3	2	1/2	1/2	1		-1	41	F2	2	74
7	7	26	26	2.0	1/2	1/2	4/4	3	1	1/2	1/2	1		-1	53	F3	3	72
7	7	26	26	2.0	1/2	1/2	4/4	2	2	1/2	1/2	1		0	60	C4	4	70
7	7	26	26	1.0	1/2	1/2	4/4	1	1	1/4	1/4	1		3	69	A4	4	65
7	7	26	26	2.0	1/2	1/2	4/4	2	1	1/2	1/2	1		3	69	A4	4	68
7	7	27	27	1.0	3/4	3/4	4/4	1	1	1/4	1/4	1		3	69	A4	4	66
8	8	28	28	2.0	0	0	4/4	3	2	1/2	1/2	1		1	43	G2	2	85
8	8	28	28	2.0	0	0	4/4	3	1	1/2	1/2	1		2	50	D3	3	83
8	8	28	28	2.0	0	0	4/4	2	2	1/2	1/2	1		5	59	B3	3	81
8	8	28	28	1.5	0	0	4/4	1	1	3/8	1/4	3/2		1	67	G4	4	75
8	8	28	28	2.0	0	0	4/4	2	1	1/2	1/2	1		1	67	G4	4	79
8	8	59/2	59/2	0.5	3/8	3/8	4/4	1	1	1/8	1/8	1		1	67	G4	4	76
8	8	30	30	2.0	1/2	1/2	4/4	3	2	1/2	1/2	1	1	0	36	C2	2	86
8	8	30	30	2.0	1/2	1/2	4/4	3	1	1/2	1/2	1	1	0	48	C3	3	84
8	8	30	30	2.0	1/2	1/2	4/4	2	2	1/2	1/2	1	1	0	60	C4	4	82
8	8	30	30	1.0	1/2	1/2	4/4	1	1	1/4	1/4	1		4	64	E4	4	77
8	8	30	30	2.0	1/2	1/2	4/4	2	1	1/2	1/2	1	1	4	64	E4	4	80
8	8	31	31	1.0	3/4	3/4	4/4	1	1	1/4	1/4	1		4	64	E4	4	78
9	9	32	32	1.5	0	0	4/4	3	2	3/8	1/4	3/2	-1	0	36	C2	2	96
9	9	32	32	4.0	0	0	4/4	3	1	1	1	1	0	0	48	C3	3	95
9	9	32	32	2.0	0	0	4/4	2	2	1/2	1/2	1	-1	0	60	C4	4	93
9	9	32	32	2.0	0	0	4/4	2	1	1/2	1/2	1	-1	4	64	E4	4	91
9	9	32	32	1.5	0	0	4/4	1	1	3/8	1/4	3/2		1	67	G4	4	87
9	9	67/2	67/2	0.5	3/8	3/8	4/4	3	2	1/8	1/8	1		2	38	D2	2	97
9	9	67/2	67/2	0.5	3/8	3/8	4/4	1	1	1/8	1/8	1		0	60	C4	4	88
9	9	34	34	2.0	1/2	1/2	4/4	3	2	1/2	1/2	1		4	40	E2	2	98
9	9	34	34	2.0	1/2	1/2	4/4	2	2	1/2	1/2	1		1	55	G3	3	94
9	9	34	34	1.0	1/2	1/2	4/4	1	1	1/4	1/4	1		0	60	C4	4	89
9	9	34	34	2.0	1/2	1/2	4/4	2	1	1/2	1/2	1	1	0	60	C4	4	92
9	9	35	35	1.0	3/4	3/4	4/4	1	1	1/4	1/4	1		0	60	C4	4	90
10	10	36	36	2.0	0	0	4/4	3	2	1/2	1/2	1		-1	41	F2	2	109
10	10	36	36	2.0	0	0	4/4	3	1	1/2	1/2	1	-1	0	48	C3	3	107
10	10	36	36	2.0	0	0	4/4	2	2	1/2	1/2	1		3	57	A3	3	105
10	10	36	36	1.0	0	0	4/4	1	1	1/4	1/4	1		0	60	C4	4	99
10	10	36	36	2.0	0	0	4/4	2	1	1/2	1/2	1	-1	0	60	C4	4	103
10	10	37	37	1.0	1/4	1/4	4/4	1	1	1/4	1/4	1		0	60	C4	4	100
10	10	38	38	2.0	1/2	1/2	4/4	3	2	1/2	1/2	1		2	38	D2	2	110
10	10	38	38	2.0	1/2	1/2	4/4	3	1	1/2	1/2	1	1	0	48	C3	3	108
10	10	38	38	2.0	1/2	1/2	4/4	2	2	1/2	1/2	1		-1	53	F3	3	106
10	10	38	38	2.0	1/2	1/2	4/4	2	1	1/2	1/2	1	1	0	60	C4	4	104
10	10	38	38	1.0	1/2	1/2	4/4	1	1	1/4	1/4	1		3	69	A4	4	101
10	10	39	39	1.0	3/4	3/4	4/4	1	1	1/4	1/4	1		3	69	A4	4	102
11	11	40	40	2.0	0	0	4/4	3	2	1/2	1/2	1		4	40	E2	2	119
11	11	40	40	4.0	0	0	4/4	3	1	1	1	1	0	0	48	C3	3	118
11	11	40	40	2.0	0	0	4/4	2	2	1/2	1/2	1		1	55	G3	3	116
11	11	40	40	4.0	0	0	4/4	2	1	1	1	1	0	0	60	C4	4	115
11	11	40	40	1.5	0	0	4/4	1	1	3/8	1/4	3/2		3	69	A4	4	111
11	11	83/2	83/2	0.5	3/8	3/8	4/4	1	1	1/8	1/8	1		2	62	D4	4	112
11	11	42	42	2.0	1/2	1/2	4/4	3	2	1/2	1/2	1		-1	41	F2	2	120
11	11	42	42	2.0	1/2	1/2	4/4	2	2	1/2	1/2	1		3	57	A3	3	117
11	11	42	42	1.0	1/2	1/2	4/4	1	1	1/4	1/4	1		2	62	D4	4	113
11	11	43	43	1.0	3/4	3/4	4/4	1	1	1/4	1/4	1		2	62	D4	4	114
12	12	44	44	2.0	0	0	4/4	3	2	1/2	1/2	1		1	43	G2	2	131
12	12	44	44	2.0	0	0	4/4	3	1	1/2	1/2	1	-1	0	48	C3	3	129
12	12	44	44	2.0	0	0	4/4	2	2	1/2	1/2	1		5	59	B3	3	127
12	12	44	44	2.0	0	0	4/4	2	1	1/2	1/2	1	-1	0	60	C4	4	125
12	12	44	44	1.0	0	0	4/4	1	1	1/4	1/4	1		2	62	D4	4	121
12	12	45	45	1.0	1/4	1/4	4/4	1	1	1/4	1/4	1		2	62	D4	4	122
12	12	46	46	2.0	1/2	1/2	4/4	3	2	1/2	1/2	1		4	40	E2	2	132
12	12	46	46	2.0	1/2	1/2	4/4	3	1	1/2	1/2	1	1	0	48	C3	3	130
12	12	46	46	2.0	1/2	1/2	4/4	2	2	1/2	1/2	1		1	55	G3	3	128
12	12	46	46	2.0	1/2	1/2	4/4	2	1	1/2	1/2	1	1	0	60	C4	4	126
12	12	46	46	1.0	1/2	1/2	4/4	1	1	1/4	1/4	1		5	71	B4	4	123
12	12	47	47	1.0	3/4	3/4	4/4	1	1	1/4	1/4	1		5	71	B4	4	124
13	13	48	48	2.0	0	0	4/4	3	2	1/2	1/2	1		-1	41	F2	2	141
13	13	48	48	4.0	0	0	4/4	3	1	1	1	1	0	0	48	C3	3	140
13	13	48	48	2.0	0	0	4/4	2	2	1/2	1/2	1		3	57	A3	3	138
13	13	48	48	4.0	0	0	4/4	2	1	1	1	1	-1	0	60	C4	4	137
13	13	48	48	1.5	0	0	4/4	1	1	3/8	1/4	3/2		5	71	B4	4	133
13	13	99/2	99/2	0.5	3/8	3/8	4/4	1	1	1/8	1/8	1		4	64	E4	4	134
13	13	50	50	2.0	1/2	1/2	4/4	3	2	1/2	1/2	1		1	43	G2	2	142
13	13	50	50	2.0	1/2	1/2	4/4	2	2	1/2	1/2	1		5	59	B3	3	139
13	13	50	50	1.0	1/2	1/2	4/4	1	1	1/4	1/4	1		4	64	E4	4	135
13	13	51	51	1.0	3/4	3/4	4/4	1	1	1/4	1/4	1		4	64	E4	4	136
14	14	52	52	2.0	0	0	4/4	3	2	1/2	1/2	1		3	45	A2	2	152
14	14	52	52	2.0	0	0	4/4	3	1	1/2	1/2	1	-1	0	48	C3	3	150
14	14	52	52	2.0	0	0	4/4	2	1	1/2	1/2	1		0	60	C4	4	147
14	14	52	52	2.0	0	0	4/4	2	2	1/2	1/2	1		0	60	C4	4	149
14	14	52	52	1.0	0	0	4/4	1	1	1/4	1/4	1		4	64	E4	4	143
14	14	53	53	1.0	1/4	1/4	4/4	1	1	1/4	1/4	1		4	64	E4	4	144
14	14	54	54	2.0	1/2	1/2	4/4	3	1	1/2	1/2	1	1	2	38	D2	2	151
14	14	54	54	2.0	1/2	1/2	4/4	3	1	1/2	1/2	1	1	2	50	D3	3	151
14	14	54	54	2.0	1/2	1/2	4/4	2	1	1/2	1/2	1		4	64	E4	4	148
14	14	54	54	2.0	1/2	1/2	4/4	2	1	1/2	1/2	1	1	-1	65	F4	4	148
14	14	54	54	1.0	1/2	1/2	4/4	1	1	1/4	1/4	1		0	72	C5	5	145
14	14	54	54	2.0	1/2	1/2	4/4	2	1	1/2	1/2	1		0	72	C5	5	148
14	14	55	55	1.0	3/4	3/4	4/4	1	1	1/4	1/4	1		0	72	C5	5	146
15	15	56	56	2.0	0	0	4/4	3	1	1/2	1/2	1	-1	2	38	D2	2	159
15	15	56	56	2.0	0	0	4/4	3	1	1/2	1/2	1	-1	2	50	D3	3	159
15	15	56	56	2.0	0	0	4/4	2	1	1/2	1/2	1		2	62	D4	4	157
15	15	56	56	2.0	0	0	4/4	2	1	1/2	1/2	1	-1	-1	65	F4	4	157
15	15	56	56	1.0	0	0	4/4	1	1	1/4	1/4	1		5	71	B4	4	153
15	15	56	56	2.0	0	0	4/4	2	1	1/2	1/2	1		5	71	B4	4	157
15	15	57	57	1.0	1/4	1/4	4/4	1	1	1/4	1/4	1		5	71	B4	4	154
15	15	58	58	2.0	1/2	1/2	4/4	3	1	1/2	1/2	1	1	-1	41	F2	2	160
15	15	58	58	2.0	1/2	1/2	4/4	3	1	1/2	1/2	1	1	-1	53	F3	3	160
15	15	58	58	2.0	1/2	1/2	4/4	2	1	1/2	1/2	1		0	60	C4	4	158
15	15	58	58	2.0	1/2	1/2	4/4	2	1	1/2	1/2	1		9	63	D#4	4	158
15	15	58	58	1.0	1/2	1/2	4/4	1	1	1/4	1/4	1		3	69	A4	4	155
15	15	58	58	2.0	1/2	1/2	4/4	2	1	1/2	1/2	1		3	69	A4	4	158
15	15	59	59	1.0	3/4	3/4	4/4	1	1	1/4	1/4	1		3	69	A4	4	156
16	16	60	60	2.0	0	0	4/4	3	1	1/2	1/2	1	-1	-1	41	F2	2	167
16	16	60	60	2.0	0	0	4/4	3	1	1/2	1/2	1	-1	-1	53	F3	3	167
16	16	60	60	2.0	0	0	4/4	2	2	1/2	1/2	1		5	59	B3	3	165
16	16	60	60	2.0	0	0	4/4	2	2	1/2	1/2	1		2	62	D4	4	165
16	16	60	60	3.0	0	0	4/4	1	1	3/4	1/2	3/2		8	68	G#4	4	161
16	16	60	60	3.0	0	0	4/4	2	1	3/4	1/2	3/2		8	68	G#4	4	163
16	16	62	62	2.0	1/2	1/2	4/4	3	1	1/2	1/2	1	1	4	40	E2	2	168
16	16	62	62	2.0	1/2	1/2	4/4	3	1	1/2	1/2	1	1	4	52	E3	3	168
16	16	62	62	2.0	1/2	1/2	4/4	2	2	1/2	1/2	1		0	60	C4	4	166
16	16	62	62	2.0	1/2	1/2	4/4	2	2	1/2	1/2	1		4	64	E4	4	166
16	16	63	63	1.0	3/4	3/4	4/4	1	1	1/4	1/4	1		3	69	A4	4	162
16	16	63	63	1.0	3/4	3/4	4/4	2	1	1/4	1/4	1		3	69	A4	4	164
17	17	64	64	2.0	0	0	4/4	3	1	1/2	1/2	1	-1	4	40	E2	2	174
17	17	64	64	2.0	0	0	4/4	3	1	1/2	1/2	1	-1	4	52	E3	3	174
17	17	64	64	4.0	0	0	4/4	2	2	1	1	1		5	59	B3	3	173
17	17	64	64	4.0	0	0	4/4	2	2	1	1	1		4	64	E4	4	173
17	17	64	64	3.0	0	0	4/4	1	1	3/4	1/2	3/2		3	69	A4	4	169
17	17	64	64	3.0	0	0	4/4	2	1	3/4	1/2	3/2		3	69	A4	4	171
17	17	66	66	2.0	1/2	1/2	4/4	3	1	1/2	1/2	1	1	3	33	A1	1	175
17	17	66	66	2.0	1/2	1/2	4/4	3	1	1/2	1/2	1	1	3	45	A2	2	175
17	17	67	67	1.0	3/4	3/4	4/4	1	1	1/4	1/4	1		8	68	G#4	4	170
17	17	67	67	1.0	3/4	3/4	4/4	2	1	1/4	1/4	1		8	68	G#4	4	172
18	18	68	68	1.5	0	0	4/4	3	1	3/8	1/4	3/2	-1	3	33	A1	1	180
18	18	68	68	1.5	0	0	4/4	3	1	3/8	1/4	3/2	-1	3	45	A2	2	180
18	18	68	68	4.0	0	0	4/4	2	1	1	1	1		4	64	E4	4	177
18	18	68	68	2.0	0	0	4/4	1	1	1/2	1/2	1		8	68	G#4	4	176
18	18	68	68	2.0	0	0	4/4	2	2	1/2	1/2	1		8	68	G#4	4	178
18	18	68	68	2.0	0	0	4/4	2	2	1/2	1/2	1		4	76	E5	5	178
18	18	68	68	4.0	0	0	4/4	2	1	1	1	1	1	4	76	E5	5	177
18	18	139/2	139/2	0.5	3/8	3/8	4/4	3	1	1/8	1/8	1		5	35	B1	1	181
18	18	139/2	139/2	0.5	3/8	3/8	4/4	3	1	1/8	1/8	1		5	47	B2	2	181
18	18	70	70	2.0	1/2	1/2	4/4	3	1	1/2	1/2	1		0	36	C2	2	182
18	18	70	70	2.0	1/2	1/2	4/4	3	1	1/2	1/2	1		0	48	C3	3	182
18	18	70	70	2.0	1/2	1/2	4/4	2	2	1/2	1/2	1	1	3	69	A4	4	179
19	19	72	72	2.0	0	0	4/4	3	1	1/2	1/2	1		4	64	E4	4	189
19	19	72	72	1.5	0	0	4/4	2	3	3/8	1/4	3/2		3	69	A4	4	186
19	19	72	72	4.0	0	0	4/4	2	2	1	1	1	0	3	69	A4	4	185
19	19	72	72	2.0	0	0	4/4	2	1	1/2	1/2	1	-1	4	76	E5	5	183
19	19	147/2	147/2	0.5	3/8	3/8	4/4	2	3	1/8	1/8	1		5	71	B4	4	187
19	19	74	74	2.0	1/2	1/2	4/4	3	1	1/2	1/2	1	1	3	57	A3	3	190
19	19	74	74	2.0	1/2	1/2	4/4	2	1	1/2	1/2	1	1	0	72	C5	5	184
19	19	74	74	2.0	1/2	1/2	4/4	2	3	1/2	1/2	1		0	72	C5	5	188
20	20	76	76	2.0	0	0	4/4	3	2	1/2	1/2	1		-1	53	F3	3	198
20	20	76	76	1.5	0	0	4/4	3	1	3/8	1/4	3/2	-1	3	57	A3	3	195
20	20	76	76	2.0	0	0	4/4	2	2	1/2	1/2	1	-1	3	69	A4	4	193
20	20	76	76	2.0	0	0	4/4	2	1	1/2	1/2	1	-1	0	72	C5	5	191
20	20	155/2	155/2	0.5	3/8	3/8	4/4	3	1	1/8	1/8	1		5	59	B3	3	196
20	20	78	78	2.0	1/2	1/2	4/4	3	2	1/2	1/2	1		2	50	D3	3	199
20	20	78	78	2.0	1/2	1/2	4/4	3	1	1/2	1/2	1		0	60	C4	4	197
20	20	78	78	2.0	1/2	1/2	4/4	2	2	1/2	1/2	1		3	69	A4	4	194
20	20	78	78	2.0	1/2	1/2	4/4	2	1	1/2	1/2	1		-1	77	F5	5	192
21	21	80	80	2.0	0	0	4/4	3	2	1/2	1/2	1		4	52	E3	3	206
21	21	80	80	2.0	0	0	4/4	3	1	1/2	1/2	1		5	59	B3	3	204
21	21	80	80	2.0	0	0	4/4	2	2	1/2	1/2	1		8	68	G#4	4	202
21	21	80	80	2.0	0	0	4/4	2	1	1/2	1/2	1		4	76	E5	5	200
21	21	82	82	2.0	1/2	1/2	4/4	3	2	1/2	1/2	1		3	45	A2	2	207
21	21	82	82	2.0	1/2	1/2	4/4	3	1	1/2	1/2	1		3	57	A3	3	205
21	21	82	82	2.0	1/2	1/2	4/4	2	2	1/2	1/2	1		3	69	A4	4	203
21	21	82	82	2.0	1/2	1/2	4/4	2	1	1/2	1/2	1		0	72	C5	5	201
22	22	84	84	1.5	0	0	4/4	1	1	3/8	1/4	3/2		5	71	B4	4	208
22	22	84	84	2.0	0	0	4/4	2	2	1/2	1/2	1		5	71	B4	4	213
22	22	84	84	4.0	0	0	4/4	2	1	1	1	1	1	5	71	B4	4	212
22	22	171/2	171/2	0.5	3/8	3/8	4/4	1	1	1/8	1/8	1		4	64	E4	4	209
22	22	86	86	1.5	1/2	1/2	4/4	1	1	3/8	1/4	3/2		4	64	E4	4	210
22	22	86	86	2.0	1/2	1/2	4/4	2	2	1/2	1/2	1	1	4	64	E4	4	214
22	22	175/2	175/2	0.5	7/8	7/8	4/4	1	1	1/8	1/8	1		4	64	E4	4	211
23	23	88	88	2.0	0	0	4/4	3	1	1/2	1/2	1		5	59	B3	3	225
23	23	88	88	1.5	0	0	4/4	1	1	3/8	1/4	3/2		4	64	E4	4	215
23	23	88	88	1.5	0	0	4/4	2	3	3/8	1/4	3/2		4	64	E4	4	222
23	23	88	88	4.0	0	0	4/4	2	2	1	1	1	0	4	64	E4	4	221
23	23	88	88	2.0	0	0	4/4	2	1	1/2	1/2	1	-1	5	71	B4	4	219
23	23	179/2	179/2	0.5	3/8	3/8	4/4	1	1	1/8	1/8	1		6	66	F#4	4	216
23	23	179/2	179/2	0.5	3/8	3/8	4/4	2	3	1/8	1/8	1		6	66	F#4	4	223
23	23	90	90	2.0	1/2	1/2	4/4	3	1	1/2	1/2	1		4	52	E3	3	226
23	23	90	90	1.5	1/2	1/2	4/4	1	1	3/8	1/4	3/2		1	67	G4	4	217
23	23	90	90	2.0	1/2	1/2	4/4	2	1	1/2	1/2	1	1	1	67	G4	4	220
23	23	90	90	2.0	1/2	1/2	4/4	2	3	1/2	1/2	1		1	67	G4	4	224
23	23	183/2	183/2	0.5	7/8	7/8	4/4	1	1	1/8	1/8	1		1	67	G4	4	218
24	24	92	92	1.5	0	0	4/4	3	1	3/8	1/4	3/2		4	52	E3	3	235
24	24	92	92	2.0	0	0	4/4	3	2	1/2	1/2	1		4	52	E3	3	238
24	24	92	92	2.0	0	0	4/4	2	2	1/2	1/2	1	-1	4	64	E4	4	233
24	24	92	92	1.0	0	0	4/4	1	1	1/4	1/4	1		1	67	G4	4	227
24	24	92	92	2.0	0	0	4/4	2	1	1/2	1/2	1	-1	1	67	G4	4	231
24	24	93	93	1.0	1/4	1/4	4/4	1	1	1/4	1/4	1		1	67	G4	4	228
24	24	187/2	187/2	0.5	3/8	3/8	4/4	3	1	1/8	1/8	1		6	54	F#3	3	236
24	24	94	94	2.0	1/2	1/2	4/4	3	2	1/2	1/2	1		3	45	A2	2	239
24	24	94	94	2.0	1/2	1/2	4/4	3	1	1/2	1/2	1		1	55	G3	3	237
24	24	94	94	2.0	1/2	1/2	4/4	2	2	1/2	1/2	1		4	64	E4	4	234
24	24	94	94	1.5	1/2	1/2	4/4	1	1	3/8	1/4	3/2		0	72	C5	5	229
24	24	94	94	2.0	1/2	1/2	4/4	2	1	1/2	1/2	1		0	72	C5	5	232
24	24	191/2	191/2	0.5	7/8	7/8	4/4	1	1	1/8	1/8	1		0	72	C5	5	230
25	25	96	96	2.0	0	0	4/4	3	2	1/2	1/2	1		5	47	B2	2	250
25	25	96	96	2.0	0	0	4/4	3	1	1/2	1/2	1		6	54	F#3	3	248
25	25	96	96	2.0	0	0	4/4	2	2	1/2	1/2	1		9	63	D#4	4	246
25	25	96	96	1.5	0	0	4/4	1	1	3/8	1/4	3/2		5	71	B4	4	240
25	25	96	96	2.0	0	0	4/4	2	1	1/2	1/2	1		5	71	B4	4	244
25	25	195/2	195/2	0.5	3/8	3/8	4/4	1	1	1/8	1/8	1		5	71	B4	4	241
25	25	98	98	2.0	1/2	1/2	4/4	3	2	1/2	1/2	1	1	4	40	E2	2	251
25	25	98	98	2.0	1/2	1/2	4/4	3	1	1/2	1/2	1	1	4	52	E3	3	249
25	25	98	98	2.0	1/2	1/2	4/4	2	2	1/2	1/2	1		4	64	E4	4	247
25	25	98	98	1.5	1/2	1/2	4/4	1	1	3/8	1/4	3/2		1	67	G4	4	242
25	25	98	98	2.0	1/2	1/2	4/4	2	1	1/2	1/2	1		1	67	G4	4	245
25	25	199/2	199/2	0.5	7/8	7/8	4/4	1	1	1/8	1/8	1		1	67	G4	4	243
26	26	100	100	1.5	0	0	4/4	3	2	3/8	1/4	3/2	-1	4	40	E2	2	257
26	26	100	100	4.0	0	0	4/4	3	1	1	1	1	0	4	52	E3	3	256
26	26	100	100	1.5	0	0	4/4	1	1	3/8	1/4	3/2		5	71	B4	4	252
26	26	203/2	203/2	0.5	3/8	3/8	4/4	3	2	1/8	1/8	1		6	42	F#2	2	258
26	26	203/2	203/2	0.5	3/8	3/8	4/4	1	1	1/8	1/8	1		4	64	E4	4	253
26	26	102	102	2.0	1/2	1/2	4/4	3	2	1/2	1/2	1		1	43	G2	2	259
26	26	102	102	1.5	1/2	1/2	4/4	1	1	3/8	1/4	3/2		4	64	E4	4	254
26	26	207/2	207/2	0.5	7/8	7/8	4/4	1	1	1/8	1/8	1		4	64	E4	4	255
27	27	104	104	2.0	0	0	4/4	3	2	1/2	1/2	1		3	45	A2	2	269
27	27	104	104	1.5	0	0	4/4	3	1	3/8	1/4	3/2	-1	4	52	E3	3	266
27	27	104	104	1.5	0	0	4/4	1	1	3/8	1/4	3/2		4	64	E4	4	260
27	27	211/2	211/2	0.5	3/8	3/8	4/4	3	1	1/8	1/8	1		6	54	F#3	3	267
27	27	211/2	211/2	0.5	3/8	3/8	4/4	1	1	1/8	1/8	1		6	66	F#4	4	261
27	27	106	106	2.0	1/2	1/2	4/4	3	2	1/2	1/2	1		5	47	B2	2	270
27	27	106	106	2.0	1/2	1/2	4/4	3	1	1/2	1/2	1	1	1	55	G3	3	268
27	27	106	106	1.5	1/2	1/2	4/4	1	1	3/8	1/4	3/2		1	67	G4	4	262
27	27	106	106	2.0	1/2	1/2	4/4	2	1	1/2	1/2	1		5	71	B4	4	264
27	27	106	106	2.0	1/2	1/2	4/4	2	2	1/2	1/2	1		5	71	B4	4	265
27	27	215/2	215/2	0.5	7/8	7/8	4/4	1	1	1/8	1/8	1		1	67	G4	4	263
28	28	108	108	2.0	0	0	4/4	3	2	1/2	1/2	1		0	48	C3	3	281
28	28	108	108	2.0	0	0	4/4	3	1	1/2	1/2	1	-1	1	55	G3	3	279
28	28	108	108	1.5	0	0	4/4	1	1	3/8	1/4	3/2		4	64	E4	4	271
28	28	108	108	2.0	0	0	4/4	2	1	1/2	1/2	1		4	64	E4	4	275
28	28	108	108	2.0	0	0	4/4	2	2	1/2	1/2	1		4	64	E4	4	277
28	28	219/2	219/2	0.5	3/8	3/8	4/4	1	1	1/8	1/8	1		4	64	E4	4	272
28	28	110	110	2.0	1/2	1/2	4/4	3	2	1/2	1/2	1		-1	41	F2	2	282
28	28	110	110	2.0	1/2	1/2	4/4	3	1	1/2	1/2	1		-1	53	F3	3	280
28	28	110	110	2.0	1/2	1/2	4/4	2	2	1/2	1/2	1		0	60	C4	4	278
28	28	110	110	1.0	1/2	1/2	4/4	1	1	1/4	1/4	1		3	69	A4	4	273
28	28	110	110	2.0	1/2	1/2	4/4	2	1	1/2	1/2	1		3	69	A4	4	276
28	28	111	111	1.0	3/4	3/4	4/4	1	1	1/4	1/4	1		3	69	A4	4	274
29	29	112	112	2.0	0	0	4/4	3	2	1/2	1/2	1		1	43	G2	2	293
29	29	112	112	2.0	0	0	4/4	3	1	1/2	1/2	1		2	50	D3	3	291
29	29	112	112	2.0	0	0	4/4	2	2	1/2	1/2	1		5	59	B3	3	289
29	29	112	112	1.5	0	0	4/4	1	1	3/8	1/4	3/2		1	67	G4	4	283
29	29	112	112	2.0	0	0	4/4	2	1	1/2	1/2	1		1	67	G4	4	287
29	29	227/2	227/2	0.5	3/8	3/8	4/4	1	1	1/8	1/8	1		1	67	G4	4	284
29	29	114	114	2.0	1/2	1/2	4/4	3	2	1/2	1/2	1	1	0	36	C2	2	294
29	29	114	114	2.0	1/2	1/2	4/4	3	1	1/2	1/2	1	1	0	48	C3	3	292
29	29	114	114	2.0	1/2	1/2	4/4	2	2	1/2	1/2	1	1	0	60	C4	4	290
29	29	114	114	1.0	1/2	1/2	4/4	1	1	1/4	1/4	1		4	64	E4	4	285
29	29	114	114	2.0	1/2	1/2	4/4	2	1	1/2	1/2	1	1	4	64	E4	4	288
29	29	115	115	1.0	3/4	3/4	4/4	1	1	1/4	1/4	1		4	64	E4	4	286
30	30	116	116	1.5	0	0	4/4	3	2	3/8	1/4	3/2	-1	0	36	C2	2	304
30	30	116	116	4.0	0	0	4/4	3	1	1	1	1	0	0	48	C3	3	303
30	30	116	116	2.0	0	0	4/4	2	2	1/2	1/2	1	-1	0	60	C4	4	301
30	30	116	116	2.0	0	0	4/4	2	1	1/2	1/2	1	-1	4	64	E4	4	299
30	30	233/2	233/2	1.0	1/8	1/8	4/4	1	1	1/4	1/4	1		0	60	C4	4	295
30	30	235/2	235/2	0.5	3/8	3/8	4/4	3	2	1/8	1/8	1		2	38	D2	2	305
30	30	235/2	235/2	0.5	3/8	3/8	4/4	1	1	1/8	1/8	1		0	60	C4	4	296
30	30	118	118	2.0	1/2	1/2	4/4	3	2	1/2	1/2	1		4	40	E2	2	306
30	30	118	118	2.0	1/2	1/2	4/4	2	2	1/2	1/2	1		1	55	G3	3	302
30	30	118	118	1.0	1/2	1/2	4/4	1	1	1/4	1/4	1		0	60	C4	4	297
30	30	118	118	2.0	1/2	1/2	4/4	2	1	1/2	1/2	1	1	0	60	C4	4	300
30	30	119	119	1.0	3/4	3/4	4/4	1	1	1/4	1/4	1		0	60	C4	4	298
31	31	120	120	2.0	0	0	4/4	3	2	1/2	1/2	1		-1	41	F2	2	317
31	31	120	120	2.0	0	0	4/4	3	1	1/2	1/2	1	-1	0	48	C3	3	315
31	31	120	120	2.0	0	0	4/4	2	2	1/2	1/2	1		3	57	A3	3	313
31	31	120	120	1.0	0	0	4/4	1	1	1/4	1/4	1		0	60	C4	4	307
31	31	120	120	2.0	0	0	4/4	2	1	1/2	1/2	1	-1	0	60	C4	4	311
31	31	121	121	1.0	1/4	1/4	4/4	1	1	1/4	1/4	1		0	60	C4	4	308
31	31	122	122	2.0	1/2	1/2	4/4	3	2	1/2	1/2	1		2	38	D2	2	318
31	31	122	122	2.0	1/2	1/2	4/4	3	1	1/2	1/2	1	1	0	48	C3	3	316
31	31	122	122	2.0	1/2	1/2	4/4	2	2	1/2	1/2	1		-1	53	F3	3	314
31	31	122	122	2.0	1/2	1/2	4/4	2	1	1/2	1/2	1	1	0	60	C4	4	312
31	31	122	122	1.0	1/2	1/2	4/4	1	1	1/4	1/4	1		3	69	A4	4	309
31	31	123	123	1.0	3/4	3/4	4/4	1	1	1/4	1/4	1		3	69	A4	4	310
32	32	124	124	2.0	0	0	4/4	3	2	1/2	1/2	1		4	40	E2	2	327
32	32	124	124	4.0	0	0	4/4	3	1	1	1	1	0	0	48	C3	3	326
32	32	124	124	2.0	0	0	4/4	2	2	1/2	1/2	1		1	55	G3	3	324
32	32	124	124	4.0	0	0	4/4	2	1	1	1	1	0	0	60	C4	4	323
32	32	124	124	1.5	0	0	4/4	1	1	3/8	1/4	3/2		3	69	A4	4	319
32	32	251/2	251/2	0.5	3/8	3/8	4/4	1	1	1/8	1/8	1		2	62	D4	4	320
32	32	126	126	2.0	1/2	1/2	4/4	3	2	1/2	1/2	1		-1	41	F2	2	328
32	32	126	126	2.0	1/2	1/2	4/4	2	2	1/2	1/2	1		3	57	A3	3	325
32	32	126	126	1.0	1/2	1/2	4/4	1	1	1/4	1/4	1		2	62	D4	4	321
32	32	127	127	1.0	3/4	3/4	4/4	1	1	1/4	1/4	1		2	62	D4	4	322
33	33	128	128	2.0	0	0	4/4	3	2	1/2	1/2	1		1	43	G2	2	339
33	33	128	128	2.0	0	0	4/4	3	1	1/2	1/2	1	-1	0	48	C3	3	337
33	33	128	128	2.0	0	0	4/4	2	2	1/2	1/2	1		5	59	B3	3	335
33	33	128	128	2.0	0	0	4/4	2	1	1/2	1/2	1	-1	0	60	C4	4	333
33	33	128	128	1.0	0	0	4/4	1	1	1/4	1/4	1		2	62	D4	4	329
33	33	129	129	1.0	1/4	1/4	4/4	1	1	1/4	1/4	1		2	62	D4	4	330
33	33	130	130	2.0	1/2	1/2	4/4	3	2	1/2	1/2	1		4	40	E2	2	340
33	33	130	130	2.0	1/2	1/2	4/4	3	1	1/2	1/2	1	1	0	48	C3	3	338
33	33	130	130	2.0	1/2	1/2	4/4	2	2	1/2	1/2	1		1	55	G3	3	336
33	33	130	130	2.0	1/2	1/2	4/4	2	1	1/2	1/2	1	1	0	60	C4	4	334
33	33	130	130	1.0	1/2	1/2	4/4	1	1	1/4	1/4	1		5	71	B4	4	331
33	33	131	131	1.0	3/4	3/4	4/4	1	1	1/4	1/4	1		5	71	B4	4	332
34	34	132	132	2.0	0	0	4/4	3	2	1/2	1/2	1		-1	41	F2	2	349
34	34	132	132	4.0	0	0	4/4	3	1	1	1	1	0	0	48	C3	3	348
34	34	132	132	2.0	0	0	4/4	2	2	1/2	1/2	1		3	57	A3	3	346
34	34	132	132	4.0	0	0	4/4	2	1	1	1	1	-1	0	60	C4	4	345
34	34	132	132	1.5	0	0	4/4	1	1	3/8	1/4	3/2		5	71	B4	4	341
34	34	267/2	267/2	0.5	3/8	3/8	4/4	1	1	1/8	1/8	1		4	64	E4	4	342
34	34	134	134	2.0	1/2	1/2	4/4	3	2	1/2	1/2	1		1	43	G2	2	350
34	34	134	134	2.0	1/2	1/2	4/4	2	2	1/2	1/2	1		5	59	B3	3	347
34	34	134	134	1.0	1/2	1/2	4/4	1	1	1/4	1/4	1		4	64	E4	4	343
34	34	135	135	1.0	3/4	3/4	4/4	1	1	1/4	1/4	1		4	64	E4	4	344
35	35	136	136	2.0	0	0	4/4	3	2	1/2	1/2	1		3	45	A2	2	360
35	35	136	136	2.0	0	0	4/4	3	1	1/2	1/2	1	-1	0	48	C3	3	358
35	35	136	136	2.0	0	0	4/4	2	1	1/2	1/2	1		0	60	C4	4	355
35	35	136	136	2.0	0	0	4/4	2	2	1/2	1/2	1		0	60	C4	4	357
35	35	136	136	1.0	0	0	4/4	1	1	1/4	1/4	1		4	64	E4	4	351
35	35	137	137	1.0	1/4	1/4	4/4	1	1	1/4	1/4	1		4	64	E4	4	352
35	35	138	138	2.0	1/2	1/2	4/4	3	1	1/2	1/2	1	1	2	38	D2	2	359
35	35	138	138	2.0	1/2	1/2	4/4	3	1	1/2	1/2	1	1	2	50	D3	3	359
35	35	138	138	2.0	1/2	1/2	4/4	2	1	1/2	1/2	1		4	64	E4	4	356
35	35	138	138	2.0	1/2	1/2	4/4	2	1	1/2	1/2	1	1	-1	65	F4	4	356
35	35	138	138	1.0	1/2	1/2	4/4	1	1	1/4	1/4	1		0	72	C5	5	353
35	35	138	138	2.0	1/2	1/2	4/4	2	1	1/2	1/2	1		0	72	C5	5	356
35	35	139	139	1.0	3/4	3/4	4/4	1	1	1/4	1/4	1		0	72	C5	5	354
36	36	140	140	2.0	0	0	4/4	3	1	1/2	1/2	1	-1	2	38	D2	2	367
36	36	140	140	2.0	0	0	4/4	3	1	1/2	1/2	1	-1	2	50	D3	3	367
36	36	140	140	2.0	0	0	4/4	2	1	1/2	1/2	1		2	62	D4	4	365
36	36	140	140	2.0	0	0	4/4	2	1	1/2	1/2	1	-1	-1	65	F4	4	365
36	36	140	140	1.0	0	0	4/4	1	1	1/4	1/4	1		5	71	B4	4	361
36	36	140	140	2.0	0	0	4/4	2	1	1/2	1/2	1		5	71	B4	4	365
36	36	141	141	1.0	1/4	1/4	4/4	1	1	1/4	1/4	1		5	71	B4	4	362
36	36	142	142	2.0	1/2	1/2	4/4	3	1	1/2	1/2	1	1	-1	41	F2	2	368
36	36	142	142	2.0	1/2	1/2	4/4	3	1	1/2	1/2	1	1	-1	53	F3	3	368
36	36	142	142	2.0	1/2	1/2	4/4	2	1	1/2	1/2	1		0	60	C4	4	366
36	36	142	142	2.0	1/2	1/2	4/4	2	1	1/2	1/2	1		9	63	D#4	4	366
36	36	142	142	1.0	1/2	1/2	4/4	1	1	1/4	1/4	1		3	69	A4	4	363
36	36	142	142	2.0	1/2	1/2	4/4	2	1	1/2	1/2	1		3	69	A4	4	366
36	36	143	143	1.0	3/4	3/4	4/4	1	1	1/4	1/4	1		3	69	A4	4	364
37	37	144	144	2.0	0	0	4/4	3	1	1/2	1/2	1	-1	-1	41	F2	2	375
37	37	144	144	2.0	0	0	4/4	3	1	1/2	1/2	1	-1	-1	53	F3	3	375
37	37	144	144	2.0	0	0	4/4	2	2	1/2	1/2	1		5	59	B3	3	373
37	37	144	144	2.0	0	0	4/4	2	2	1/2	1/2	1		2	62	D4	4	373
37	37	144	144	3.0	0	0	4/4	1	1	3/4	1/2	3/2		8	68	G#4	4	369
37	37	144	144	3.0	0	0	4/4	2	1	3/4	1/2	3/2		8	68	G#4	4	371
37	37	146	146	2.0	1/2	1/2	4/4	3	1	1/2	1/2	1	1	4	40	E2	2	376
37	37	146	146	2.0	1/2	1/2	4/4	3	1	1/2	1/2	1	1	4	52	E3	3	376
37	37	146	146	2.0	1/2	1/2	4/4	2	2	1/2	1/2	1		0	60	C4	4	374
37	37	146	146	2.0	1/2	1/2	4/4	2	2	1/2	1/2	1		4	64	E4	4	374
37	37	147	147	1.0	3/4	3/4	4/4	1	1	1/4	1/4	1		3	69	A4	4	370
37	37	147	147	1.0	3/4	3/4	4/4	2	1	1/4	1/4	1		3	69	A4	4	372
38	38	148	148	2.0	0	0	4/4	3	1	1/2	1/2	1	-1	4	40	E2	2	384
38	38	148	148	2.0	0	0	4/4	3	1	1/2	1/2	1	-1	4	52	E3	3	384
38	38	148	148	4.0	0	0	4/4	2	2	1	1	1	1	5	59	B3	3	383
38	38	148	148	4.0	0	0	4/4	2	2	1	1	1	1	4	64	E4	4	383
38	38	148	148	2.0	0	0	4/4	1	1	1/2	1/2	1		3	69	A4	4	377
38	38	148	148	2.0	0	0	4/4	2	1	1/2	1/2	1		3	69	A4	4	380
38	38	150	150	2.0	1/2	1/2	4/4	3	1	1/2	1/2	1	1	4	28	E1	1	385
38	38	150	150	2.0	1/2	1/2	4/4	3	1	1/2	1/2	1	1	4	40	E2	2	385
38	38	150	150	1.0	1/2	1/2	4/4	1	1	1/4	1/4	1		8	68	G#4	4	378
38	38	150	150	1.0	1/2	1/2	4/4	2	1	1/4	1/4	1		8	68	G#4	4	381
38	38	151	151	1.0	3/4	3/4	4/4	1	1	1/4	1/4	1		6	66	F#4	4	379
38	38	151	151	1.0	3/4	3/4	4/4	2	1	1/4	1/4	1		6	66	F#4	4	382
39	39	152	152	4.0	0	0	4/4	3	1	1	1	1	-1	4	28	E1	1	388
39	39	152	152	4.0	0	0	4/4	3	1	1	1	1	-1	4	40	E2	2	388
39	39	152	152	4.0	0	0	4/4	2	1	1	1	1	-1	5	59	B3	3	387
39	39	152	152	4.0	0	0	4/4	2	1	1	1	1	-1	4	64	E4	4	387
39	39	152	152	2.0	0	0	4/4	1	1	1/2	1/2	1		8	68	G#4	4	386
39	39	152	152	4.0	0	0	4/4	2	1	1	1	1		8	68	G#4	4	387
